Accession	100SeedWeightCVARS2016	seedmass	Average10seedslength_mm	Average10seedswidth_mm	width2 	denominator	density
1393-1-2-3(-)	22.44	0.2244	8.33	5.07	25.7049	168.1708818151	0.001334357
24-125-B-1	15.12	0.1512	6.04	5.02	25.2004	119.5457811764	0.0012647874
524B	23.02	0.2302	8.47	5.26	27.6676	184.053796451	0.0012507213
58-53	11.36	0.1136	6.96	3.73	13.9129	76.0530761084	0.0014936937
58-57	12.21	0.1221	5.8	4.01	16.0801	73.249829842	0.0016668981
Apagbaala	14.4	0.144	6.91	3.83	14.6689	79.6096063927	0.0018088269
Bambey_21	16.36	0.1636	8.36	4.04	16.3216	107.1664609886	0.001526597
Bun_22_Ghana	9.88	0.0988	4.95	3.33	11.0889	43.1105483858	0.0022917825
CB27	19.39	0.1939	7.96	4.69	21.9961	137.5145444736	0.0014100327
CB3	22.43	0.2243	8.38	4.99	24.9001	163.8834097345	0.0013686559
CB46	19.33	0.1933	9.43	5.4	29.16	215.9678444932	0.0008950407
CB50	23.2	0.232	8.46	5.43	29.4849	195.9114881653	0.0011842082
CC-110-1	17.56	0.1756	7.14	5.35	28.6225	160.5076207734	0.0010940291
CC-36	16.21	0.1621	6.52	4.67	21.8089	111.6789284373	0.0014514824
CC-85-2	12.81	0.1281	5.63	4.11	16.8921	74.6933468987	0.0017150122
China_501	13.18	0.1318	7.39	4.13	17.0569	98.9998241267	0.0013313155
CRSP_Niebe	22.98	0.2298	7.47	6	36	211.2092741008	0.0010880204
Danila	17.78	0.1778	7.92	4.6	21.16	131.6226790889	0.001350831
Early_Scarlet	15.99	0.1599	6.83	5.12	26.2144	140.6211052275	0.0011370982
Ecute	24.2	0.242	9.67	5.18	26.8324	203.7867179612	0.0011875161
Faef-14-Inhaca-E	12.92	0.1292	6.25	4.21	17.7241	87.0029724242	0.0014850067
FN-1-13-04	16.22	0.1622	6.62	5.06	25.6036	133.1217151563	0.0012184338
FN-1-14-04	17.1	0.171	6.09	5.13	26.3169	125.8757016013	0.001358483
FN-2-11-04	12.53	0.1253	5.72	4.68	21.9024	98.3960390785	0.0012734252
FN-2-13-04	13.71	0.1371	6.03	5.24	27.4576	130.0378461262	0.0010543085
French_Bean	17.8	0.178	8.18	5.17	26.7289	171.7213409716	0.0010365631
Gorda	23.79	0.2379	8.79	5.69	32.3761	223.5132581114	0.0010643664
IAR7/8-4-5-1	15.09	0.1509	6.9	4.72	22.2784	120.7321596597	0.0012498741
Ife_Brown	15.27	0.1527	6.95	4.63	21.4369	117.0136881281	0.0013049755
INIA-120_R	18.99	0.1899	6.35	5.15	26.5225	132.2750897083	0.0014356445
INIA-31	9.54	0.0954	5.77	4.43	19.6249	88.9350896053	0.0010726925
INIA-34	16.48	0.1648	6.73	5.64	31.8096	168.1369455459	0.0009801534
INIA-40	11.02	0.1102	5.4	3.98	15.8404	67.1815137644	0.0016403322
INIA-41	21.64	0.2164	9.12	5.61	31.4721	225.4293413889	0.000959946
INIA-5E	11.18	0.1118	5.83	3.84	14.7456	67.5182045323	0.0016558497
INIA-72	10.18	0.1018	5.38	3.35	11.2225	47.4200241814	0.0021467724
IT00K-901-6	16.49	0.1649	7.47	5.03	25.3009	148.4384645305	0.001110898
IT82E-18	18.69	0.1869	7.55	5.67	32.1489	190.6351369651	0.0009804069
IT83D-442	10.27	0.1027	4.59	4.29	18.4041	66.3463676959	0.001547937
IT84S-2049	14.19	0.1419	6.17	4.65	21.6225	104.7806169323	0.0013542581
IT84S-2246	19.29	0.1929	7.48	5.17	26.7289	157.0263606929	0.0012284562
IT85F-867-5	13.27	0.1327	6.24	4.5	20.25	99.2429119269	0.0013371232
IT86D-364	25.13	0.2513	9.08	5.75	33.0625	235.7824191381	0.0010658131
IT89KD-288	21.35	0.2135	8.04	5.18	26.8324	169.4359061435	0.0012600635
IT93K-452-1	17.07	0.1707	6.64	5.27	27.7729	144.8368900907	0.0011785671
IT93K-503-1	13.96	0.1396	6.88	4.72	22.2784	120.3822113708	0.0011596398
IT95K-1093-5	11.87	0.1187	6.05	4.62	21.3444	101.4213079809	0.0011703655
IT95K-1105-5	23.85	0.2385	9.78	5.97	35.6409	273.7646685899	0.0008711862
IT95K-1479	16.88	0.1688	6.53	5.2	27.04	138.6786961889	0.0012172021
IT95K-1491	17.43	0.1743	6.8	5.59	31.2481	166.8869623777	0.0010444195
IT95M-190	19.56	0.1956	9.02	5.55	30.8025	218.213886891	0.0008963683
IT96D-610	16.43	0.1643	7.13	5.23	27.3529	153.1732012302	0.0010726419
IT97K-207-15	25.95	0.2595	8.92	6.48	41.9904	294.1743127197	0.00088213
IT97K-207-21	23.32	0.2332	9.1	5.2	27.04	193.2582136782	0.0012066758
IT97K-461-4	23.4	0.234	8.83	5.45	29.7025	205.9887914136	0.0011359841
IT97K-499-35-1-1	16.59	0.1659	6.74	5.27	27.7729	147.018168556	0.001128432
IT97K-499-39-1-1	16.37	0.1637	7.1	4.73	22.3729	124.7586054461	0.0013121339
IT97K-556-6	19.98	0.1998	7.82	5.81	33.7561	207.3236753379	0.0009637105
IT97K-569-9	15.21	0.1521	6.57	4.27	18.2329	94.0829661593	0.0016166582
IT98D-1399	16.97	0.1697	7.33	5.04	25.4016	146.2362120073	0.0011604513
IT98K-1111-1	17.35	0.1735	6.71	5.36	28.7296	151.4056147542	0.0011459284
IT98K-128-4	17.58	0.1758	7.45	5.15	26.5225	155.1888847759	0.0011328131
IT98K-205-8	14.86	0.1486	7.38	5.27	27.7729	160.9783507334	0.0009231055
IT98K-428-2	18.69	0.1869	8.13	5.18	26.8324	171.3325767347	0.0010908608
IT98K-498-1	20.15	0.2015	7.69	4.91	24.1081	145.6059778905	0.0013838718
IT98K-555-1	19.73	0.1973	7.63	5.71	32.6041	195.3829379779	0.0010098118
IT98K-589-2	17.78	0.1778	7.26	4.86	23.6196	134.6787387409	0.0013201787
IT99K-124-5	21.62	0.2162	7.63	6.03	36.3609	217.8958925264	0.000992217
KVx-396-4-5-20	13.82	0.1382	6.61	5.18	26.8324	139.2999178618	0.000992104
KVx-403-P-20-T	16.8	0.168	6.64	4.8	23.04	120.1546092663	0.0013981985
KVx-421-25	19.54	0.1954	8.35	5.6	31.36	205.6612214746	0.0009501062
KVx-525	15.04	0.1504	7	4.52	20.4304	112.3219904623	0.0013390076
KVx-61-1-1	16.72	0.1672	7.74	5.32	28.3024	172.0497740632	0.0009718118
Lori_Niebe	27.55	0.2755	8.9	6.73	45.2929	316.599348227	0.000870185
Lyg_321-2	16.4	0.164	7.85	4.5	20.25	124.8488555491	0.0013135883
Massava-11	13.51	0.1351	6.47	4.6	21.16	107.5250926396	0.0012564509
Melakh	20.35	0.2035	7.76	4.5	20.25	123.4174673963	0.0016488752
Montiero	29.58	0.2958	10.64	6.08	36.9664	308.9147659813	0.0009575457
Mougne	15.18	0.1518	7.88	4.8	23.04	142.5931206353	0.0010645675
Mouride	14.4	0.144	6.07	4.35	18.9225	90.2104992536	0.0015962665
Moussa_Local	19.93	0.1993	6.8	5.01	25.1001	134.0522925994	0.0014867332
Muinana-Lawe	16.14	0.1614	6.79	5.02	25.2004	134.390042084	0.0012009818
NamuesseD	14.45	0.1445	6.03	5.04	25.4016	120.3007310238	0.0012011565
N'diambour	15.34	0.1534	7.18	4.53	20.5209	115.7206140897	0.0013256065
Nhacoongo-1	25.89	0.2589	8.73	6.54	42.7716	293.264586027	0.0008828205
Nhacoongo-3	25.08	0.2508	8.41	5.5	30.25	199.8072562637	0.0012552097
Pakau	18.24	0.1824	7.04	4.85	23.5225	130.0606792216	0.0014024223
Prima	12.98	0.1298	6.58	4.39	19.2721	99.5966693969	0.0013032564
Sanzi	7.29	0.0729	4.76	3.14	9.8596	36.8600678435	0.00197775
SASAQUE	14.8	0.148	7.4	4.32	18.6624	108.464868666	0.0013644971
Suvita-2	18.13	0.1813	7.95	5.01	25.1001	156.7229009067	0.0011568188
Tete-2	25.69	0.2569	9.58	6.31	39.8161	299.5808915748	0.0008575313
Timbawene-Moteado	12.43	0.1243	6.1	4.34	18.8356	90.2400184436	0.0013774377
TVu-1000	11.45	0.1145	5.45	4.14	17.1396	73.3646864694	0.0015606964
TVu-1004	17.67	0.1767	6.07	5.9	34.81	165.9520401119	0.0010647655
TVu-10100	10.77	0.1077	5.15	4.14	17.1396	69.326263361	0.0015535238
TVu-1016	16.71	0.1671	7.44	5.05	25.5025	149.0203479656	0.0011213234
TVu-10179	14	0.14	7.53	4.68	21.9024	129.531848647	0.0010808153
TVu-10281	16.25	0.1625	7.86	4.64	21.5296	132.9071632276	0.001222658
TVu-1036	13.2	0.132	6.05	4.3	18.49	87.8581728494	0.0015024214
TVu-10366	12.69	0.1269	6.21	4.02	16.1604	78.8194840594	0.001610008
TVu-1037	12.02	0.1202	6.39	4.51	20.3401	102.0807432014	0.0011774993
TVu-10466	10.05	0.1005	5.1	3.87	14.9769	59.9904317423	0.0016752672
TVu-10513	7.46	0.0746	5.54	2.75	7.5625	32.9052378032	0.0022671163
TVu-1059	20.48	0.2048	7.61	5.87	34.4569	205.9447572802	0.0009944414
TVu-10892	7.24	0.0724	4.63	3.15	9.9225	36.0821144693	0.0020065343
TVu-1124	21.51	0.2151	7.93	5.81	33.7561	210.2399930216	0.0010231165
TVu-113	11.82	0.1182	6.76	3.69	13.6161	72.2918451446	0.0016350392
TVu-12565	9.88	0.0988	6.45	3.34	11.1556	56.5122409978	0.0017482938
TVu-12710	8.25	0.0825	4.9	3.39	11.4921	44.2267837445	0.0018653855
TVu-12746	15.23	0.1523	6.52	4.74	22.4676	115.0519967792	0.0013237493
TVu-1280	12.48	0.1248	5.95	5.16	26.6256	124.4245991692	0.0010030171
TVu-12804	8.49	0.0849	4.84	2.97	8.8209	33.531126312	0.0025319758
TVu-12873	8.18	0.0818	5.36	2.71	7.3441	30.9167086137	0.0026458185
TVu-12897	11.03	0.1103	6.24	3.3	10.89	53.3706326362	0.0020666796
TVu-12923	8.17	0.0817	5.34	2.98	8.8804	37.2446302003	0.0021936048
TVu-12937	11.23	0.1123	5.97	4.01	16.0801	75.3968076133	0.001489453
TVu-12968	11.08	0.1108	7.27	3.1	9.61	54.8716070663	0.0020192592
TVu-13017	13.68	0.1368	8.2	3.86	14.8996	95.9573714979	0.001425633
TVu-132	8.21	0.0821	5.04	2.91	8.4681	33.5201841448	0.0024492706
TVu-1330	14.62	0.1462	4.79	5.5	30.25	113.8022303809	0.0012846848
TVu-13305	11.59	0.1159	5.69	3.96	15.6816	70.0797460847	0.0016538302
TVu-13388	10.17	0.1017	5.32	4.06	16.4836	68.8737263641	0.0014766153
TVu-13463	16.04	0.1604	6.96	4.61	21.2521	116.171867746	0.0013807129
TVu-13485	9.94	0.0994	4.79	3.57	12.7449	47.9470428424	0.0020731206
TVu-13778	10.84	0.1084	5.31	4.06	16.4836	68.7442644724	0.0015768588
TVu-13939	10.51	0.1051	5.72	3.68	13.5424	60.8389272233	0.0017275124
TVu-13950	17.01	0.1701	6.87	5.03	25.3009	136.5156962951	0.0012460106
TVu-13958	11.35	0.1135	6.86	3.55	12.6025	67.9001452299	0.0016715723
TVu-13965	17.59	0.1759	8.86	4.41	19.4481	135.3320879111	0.0012997657
TVu-13968	12.47	0.1247	6.91	3.82	14.5924	79.1944331426	0.0015746056
TVu-13979	20.39	0.2039	7.5	5.59	31.2481	184.0665026224	0.0011077518
TVu-14172	11.42	0.1142	6.19	4.19	17.5561	85.3509926309	0.0013380044
TVu-14190	18.75	0.1875	6.65	5.11	26.1121	136.3808292933	0.0013748267
TVu-14195	11.41	0.1141	7.4	4.24	17.9776	104.484847765	0.0010920244
TVu-14224	12.18	0.1218	6.29	4.1	16.81	83.043996267	0.0014666924
TVu-14248	8.38	0.0838	5.01	3.74	13.9876	55.0390351052	0.0015225558
TVu-14253	15.63	0.1563	6.84	4.55	20.7025	111.2163854677	0.0014053685
TVu-14272	18.34	0.1834	8.24	5.57	31.0249	200.7832517118	0.0009134228
TVu-14321	16.26	0.1626	6.63	5.08	25.8064	134.3788234567	0.0012100121
TVu-14336	20.18	0.2018	7.82	5.1	26.01	159.7485727183	0.0012632351
TVu-14345	11.1	0.111	5.88	3.71	13.7641	63.5645573016	0.0017462562
TVu-14346	9.14	0.0914	4.95	3.53	12.4609	48.4445014727	0.001886695
TVu-14393	18.05	0.1805	7.27	5.36	28.7296	164.0415527963	0.001100331
TVu-14401	10.3	0.103	6.14	3.42	11.6964	56.4040728211	0.0018261093
TVu-14533	19.68	0.1968	7.55	5.97	35.6409	211.3418453838	0.0009311928
TVu-14621	11.82	0.1182	6.31	3.81	14.5161	71.9397943449	0.0016430406
TVu-14632	7.8	0.078	3.99	3.65	13.3225	41.7492334571	0.0018682978
TVu-14633	8.94	0.0894	5.51	3.34	11.1556	48.2763485113	0.0018518385
TVu-14691	9.12	0.0912	4.44	3.83	14.6689	51.1529164086	0.0017828895
TVu-14759	18.72	0.1872	6.39	5.19	26.9361	135.1840505675	0.0013847787
TVu-1477	17.87	0.1787	7.76	4.87	23.7169	144.5471472835	0.0012362748
TVu-14862	15.47	0.1547	8.6	3.86	14.8996	100.6382188881	0.0015371894
TVu-14875	11.93	0.1193	7.6	3.26	10.6276	63.4364211621	0.0018806231
TVu-14949	15.42	0.1542	6.84	4.66	21.7156	116.6588837224	0.0013218025
TVu-14970	11.85	0.1185	6.55	4.38	19.1844	98.6914210445	0.0012007123
TVu-14971	14.7	0.147	7.07	4.7	22.09	122.6605791862	0.001198429
TVu-15114	9.7	0.097	5.62	3.27	10.6929	47.1977942002	0.0020551808
TVu-15143	9.99	0.0999	5.2	4.07	16.5649	67.6522185917	0.00147667
TVu-15315	16.79	0.1679	7.8	4.81	23.1361	141.7341934958	0.0011846118
TVu-1536	12.42	0.1242	5.67	4.16	17.3056	77.0654292083	0.0016116176
TVu-15391	14.9	0.149	6.17	4.71	22.1841	107.5020781172	0.0013860197
TVu-15400	9.47	0.0947	5.62	4	16	70.6230028527	0.0013409229
TVu-15411	7.99	0.0799	5.31	3.32	11.0224	45.9685251232	0.0017381458
TVu-15426	13.27	0.1327	5.94	4.25	18.0625	84.2663506986	0.0015747686
TVu-15445	13.52	0.1352	5.93	4.56	20.7936	96.844343635	0.0013960547
TVu-15500	11.46	0.1146	5.97	3.88	15.0544	70.587477723	0.0016235174
TVu-1556	7.2	0.072	4.52	2.87	8.2369	29.240992517	0.0024622967
TVu-15591	23.24	0.2324	8.57	5.68	32.2624	217.1537705872	0.0010702094
TVu-15610	18.01	0.1801	8.1	5.58	31.1364	198.0812181359	0.000909223
TVu-15636	15.95	0.1595	6.57	4.97	24.7009	127.4582726173	0.0012513899
TVu-15639	24.39	0.2439	8.28	6	36	234.1114845455	0.0010418113
TVu-15653	17.64	0.1764	8.07	5.01	25.1001	159.0885295996	0.0011088166
TVu-15661	18.21	0.1821	7.18	5	25	140.9789703298	0.001291682
TVu-15687	14.09	0.1409	6.87	4.97	24.7009	133.2782850656	0.0010571865
TVu-15775	16.11	0.1611	6.76	4.83	23.3289	123.8599324472	0.0013006627
TVu-1583	9.84	0.0984	4.77	3.7	13.69	51.2875210875	0.0019185954
TVu-15861	8.53	0.0853	4.83	3.09	9.5481	36.220460785	0.0023550225
TVu-15878	12.34	0.1234	6.35	4.04	16.3216	81.4003621145	0.0015159638
TVu-15926	8.5	0.085	4.94	2.67	7.1289	27.6591833372	0.0030731204
TVu-15973	8.7	0.087	4.35	3.41	11.6281	39.7271944695	0.0021899357
TVu-15995	10.21	0.1021	5.04	4	16	63.3345078964	0.0016120754
TVu-1609	16.46	0.1646	7.05	5.21	27.1441	150.2984303239	0.0010951545
TVu-16220	6.51	0.0651	4.79	2.4	5.76	21.6694494874	0.0030042295
TVu-16237	12.01	0.1201	7.66	4.4	19.36	116.4726626763	0.0010311433
TVu-16269	12.24	0.1224	7.94	3.62	13.1044	81.7198432379	0.0014978002
TVu-16278	15.73	0.1573	6.86	4.72	22.2784	120.032263082	0.001310481
TVu-16304	8.17	0.0817	6.83	2.74	7.5076	40.2727893679	0.002028665
TVu-16368	15.72	0.1572	7.19	4.4	19.36	109.3261677079	0.0014378991
TVu-1637	12.01	0.1201	5.84	4.29	18.4041	84.4145506197	0.0014227405
TVu-16403	11.25	0.1125	5.9	4.25	18.0625	83.6989005256	0.0013441037
TVu-16408	11.95	0.1195	5.44	4.31	18.5761	79.3676134376	0.0015056519
TVu-16449	9.06	0.0906	5.45	3.13	9.7969	41.9348466051	0.0021604944
TVu-16465	12.79	0.1279	5.95	4.79	22.9441	107.2205113048	0.0011928688
TVu-16504	16.58	0.1658	6.87	4.66	21.7156	117.1705454931	0.0014150314
TVu-16505	16.95	0.1695	7.25	4.67	21.8089	124.1828575415	0.0013649227
TVu-16521	4.69	0.0469	3.1	1.89	3.5721	8.6971144164	0.0053925932
TVu-16594	13.78	0.1378	6.18	4.54	20.6116	100.0437730093	0.0013773971
TVu-1715	19.69	0.1969	7.97	5.85	34.2225	214.2199605155	0.0009191487
TVu-1727	23.7	0.237	8.36	6.85	46.9225	308.0897868921	0.0007692563
TVu-1775	20.85	0.2085	8.44	5.49	30.1401	199.7915043182	0.0010435879
TVu-1780	12.71	0.1271	5.97	4.11	16.8921	79.2041351661	0.0016047142
TVu-1811	14.51	0.1451	7.02	5.24	27.4576	151.3873432513	0.0009584685
TVu-1886	5.97	0.0597	4.03	2.37	5.6169	17.7783568643	0.0033580156
TVu-1916	9.86	0.0986	6.1	3.24	10.4976	50.2932541365	0.0019605015
TVu-201	17.74	0.1774	6.16	5.21	27.1441	131.3245859284	0.0013508514
TVu-21	16.19	0.1619	7.69	4.51	20.3401	122.8483435397	0.0013178851
TVu-2168	6.37	0.0637	4.91	1.99	3.9601	15.2713533603	0.0041712086
TVu-2280	15.44	0.1544	6.3	4.63	21.4369	106.0699619003	0.001455643
TVu-2322	12.32	0.1232	6.36	3.8	14.44	72.1297106894	0.001708034
TVu-2398	7.04	0.0704	4.71	2.67	7.1289	26.3714075948	0.0026695579
TVu-2418	31.04	0.3104	8.69	6.04	36.4816	248.9909344325	0.0012466317
TVu-2449	10.78	0.1078	6.68	3.34	11.1556	58.5274061807	0.0018418722
TVu-2548	14.85	0.1485	6.23	4.96	24.6016	120.3763805749	0.0012336307
TVu-264	10.47	0.1047	5.44	3.5	12.25	52.3389336088	0.0020004229
TVu-2680	16.4	0.164	6.13	4.97	24.7009	118.9222543598	0.0013790522
TVu-2723	10.96	0.1096	5.69	4.11	16.8921	75.4893683576	0.0014518601
TVu-2736	6.28	0.0628	4.23	2.53	6.4009	21.2652890903	0.0029531694
TVu-2845	10.73	0.1073	5.45	3.92	15.3664	65.7746457423	0.0016313277
TVu-2933	16.44	0.1644	7.22	4.38	19.1844	108.7865740369	0.0015112159
TVu-2968	5.86	0.0586	4	2.24	5.0176	15.7632552987	0.0037175062
TVu-2971	11.28	0.1128	6.49	3.58	12.8164	65.3281908687	0.0017266665
TVu-3043	9.9	0.099	5.37	3.32	11.0224	46.4879434862	0.0021295844
TVu-3076	9.65	0.0965	4.65	3.08	9.4864	34.6452952882	0.002785371
TVu-3156	9.54	0.0954	5.08	3.32	11.0224	43.9774213985	0.002169295
TVu-3282	21.44	0.2144	9.89	4.87	23.7169	184.2231039476	0.0011638063
TVu-3360	6.67	0.0667	4.06	2.6	6.76	21.5557238333	0.0030943057
TVu-3552	7.19	0.0719	4.2	2.92	8.5264	28.1257993816	0.0025563718
TVu-3565	11.33	0.1133	5.61	3.92	15.3664	67.7056445164	0.0016734203
TVu-3652	13.79	0.1379	7.25	4.16	17.3056	98.5404518096	0.0013994253
TVu-3657	7.63	0.0763	4.44	2.89	8.3521	29.1251745623	0.0026197268
TVu-3804	23.07	0.2307	8.51	5.81	33.7561	225.6169408089	0.0010225296
TVu-3817	29.88	0.2988	9.51	6.2	38.44	287.1136083635	0.001040703
TVu-3830	8.03	0.0803	5	3.21	10.3041	40.4641060773	0.0019844748
TVu-3842	17.65	0.1765	7.05	5.73	32.8329	181.797640481	0.0009708597
TVu-393	13.48	0.1348	5.46	4.56	20.7936	89.1686536673	0.001511742
TVu-3947	10.21	0.1021	6.56	3.71	13.7641	70.915560527	0.0014397404
TVu-3965	16.7	0.167	7.24	4.48	20.0704	114.1259683622	0.0014632954
TVu-408	8.91	0.0891	5.07	3.25	10.5625	42.0595442715	0.0021184252
TVu-4097	12.05	0.1205	6.17	3.75	14.0625	68.145562521	0.0017682736
TVu-415	13.65	0.1365	5.41	4.3	18.49	78.564085143	0.0017374351
TVu-43	8.07	0.0807	4.95	3.59	12.8881	50.1053358449	0.0016106069
TVu-4316	6.74	0.0674	4.55	2.3	5.29	18.9041410939	0.0035653564
TVu-4535	20.39	0.2039	7.42	5.42	29.3764	171.1955059056	0.0011910359
TVu-4545	18.7	0.187	7.62	5.39	29.0521	173.8690907892	0.0010755218
TVu-4557	13.7	0.137	5.97	4.17	17.3889	81.5335444373	0.00168029
TVu-456	12.1	0.121	4.64	4.7	22.09	80.5014267926	0.0015030789
TVu-4622	11.31	0.1131	5.08	4.33	18.7489	74.8047862587	0.0015119353
TVu-4632	11.86	0.1186	4.72	4.26	18.1476	67.2745928715	0.0017629241
TVu-4669	18.11	0.1811	6.96	5.21	27.1441	148.3797269581	0.0012205171
TVu-467	11.21	0.1121	5.59	3.7	13.69	60.1042437901	0.0018650929
TVu-4711	11.94	0.1194	6.05	3.77	14.2129	67.5348526171	0.001767976
TVu-4984	15.88	0.1588	6.79	4.55	20.7025	110.4034001938	0.0014383615
TVu-53	11.83	0.1183	6.6	3.82	14.5924	75.6415714531	0.0015639548
TVu-5444	15.1	0.151	7.03	4.7	22.09	121.966601369	0.0012380438
TVu-6356	9.16	0.0916	9.53	3.18	10.1124	75.6897414933	0.0012102036
TVu-6365	12.49	0.1249	5.75	4.67	21.8089	98.4898525329	0.0012681509
TVu-6439	12.98	0.1298	6.8	3.9	15.21	81.2321612439	0.0015978893
TVu-6464	9.37	0.0937	5.26	3.82	14.5924	60.2840402793	0.0015543086
TVu-6477	12.53	0.1253	7.98	3.94	15.5236	97.2938112959	0.0012878517
TVu-6493	14.96	0.1496	9.53	4.18	17.4724	130.7781969925	0.0011439216
TVu-6641	4.68	0.0468	2.93	2.32	5.3824	12.3860683288	0.0037784387
TVu-6642	17.82	0.1782	9.98	4.64	21.5296	168.7548968208	0.0010559694
TVu-6643	22.88	0.2288	11.32	5.05	25.5025	226.7352606143	0.0010091064
TVu-6644	12.15	0.1215	8	3.65	13.3225	83.7077362549	0.0014514787
TVu-6663	13.06	0.1306	6	4.39	19.2721	90.8176316689	0.0014380467
TVu-6837	12.55	0.1255	5.79	4.13	17.0569	77.5654914335	0.0016179876
TVu-7362_R	17.53	0.1753	8.06	4.74	22.4676	142.2268549141	0.001232538
TVu-7382	8.95	0.0895	5.49	3.29	10.8241	46.6717431498	0.0019176485
TVu-7559	20.68	0.2068	8.34	6.19	38.3161	250.9789107017	0.0008239736
TVu-7625	16.92	0.1692	7.31	5	25	143.5315143609	0.0011788352
TVu-7642	14.46	0.1446	7.53	4.58	20.9764	124.0554400412	0.0011656079
TVu-7647	13.54	0.1354	7.46	4.29	18.4041	107.8309156888	0.0012556696
TVu-7684	12.13	0.1213	6.71	4.31	18.5761	97.8964496629	0.0012390643
TVu-7719	10.67	0.1067	5.19	4	16	65.2194634885	0.0016360147
TVu-7739	10.58	0.1058	5.47	4.13	17.0569	73.2786248949	0.0014438044
TVu-7755	12.69	0.1269	5.68	4.94	24.4036	108.8659620832	0.0011656536
TVu-7778	10.43	0.1043	5.53	4.11	16.8921	73.3666444671	0.001421627
TVu-7798	18.58	0.1858	9.96	4.77	22.7529	177.9860552848	0.001043902
TVu-7971	9.2	0.092	5.05	4.02	16.1604	64.0963598228	0.0014353389
TVu-7991	15.22	0.1522	7.4	4	16	92.9911425463	0.001636715
TVu-8059	13.15	0.1315	5.63	4.55	20.7025	91.5421418397	0.0014364969
TVu-8072	13.21	0.1321	7.75	3.9	15.21	92.5807720059	0.0014268622
TVu-8082	13.57	0.1357	6.22	3.92	15.3664	75.0675773426	0.0018077045
TVu-8123	12.28	0.1228	6.91	4.08	16.6464	90.3416992314	0.0013592837
TVu-8262	19.43	0.1943	8.25	5.32	28.3024	183.3863870829	0.0010595116
TVu-8389	19.99	0.1999	10.08	4.56	20.7936	164.6190529242	0.0012143187
TVu-84	8.07	0.0807	4.46	3.2	10.24	35.8694482816	0.0022498255
TVu-8612	13.5	0.135	5.85	4.4	19.36	88.9510543937	0.0015176886
TVu-8622	13.87	0.1387	5.73	4.21	17.7241	79.7643251185	0.0017388726
TVu-8631	15.74	0.1574	6.96	4.39	19.2721	105.3484527359	0.0014940893
TVu-8641	17.37	0.1737	7.36	5.09	25.9081	149.7625617964	0.0011598359
TVu-8656	13.77	0.1377	6.65	3.99	15.9201	83.1490550523	0.0016560621
TVu-8671	11.11	0.1111	5.34	4.08	16.6464	69.8154376115	0.0015913386
TVu-8673	9.65	0.0965	5.8	3.91	15.2881	69.6420248387	0.0013856576
TVu-8702	11.85	0.1185	5.56	4.21	17.7241	77.3978442686	0.0015310504
TVu-8713	12.07	0.1207	5.84	4.95	24.5025	112.3862360321	0.0010739749
TVu-8775	12.21	0.1221	6.87	3.84	14.7456	79.5626183768	0.0015346403
TVu-8779	11.76	0.1176	6.76	3.69	13.6161	72.2918451446	0.0016267395
TVu-8812	16.64	0.1664	7.42	5.11	26.1121	152.1722937378	0.0010934974
TVu-8834	13.12	0.1312	6.81	4.11	16.8921	90.3484355915	0.0014521557
TVu-8877	12.15	0.1215	5.55	3.8	14.44	62.943379611	0.0019303063
TVu-8883	13.13	0.1313	6.53	4.41	19.4481	99.7424982009	0.0013163897
TVu-889	15.5	0.155	6.2	5.3	28.09	136.783373341	0.0011331787
TVu-8923	20.02	0.2002	7.58	4.87	23.7169	141.1942495372	0.0014179048
TVu-8934	23.93	0.2393	8.4	6.22	38.6884	255.2407057602	0.0009375464
TVu-9073	16.12	0.1612	8.7	4.5	20.25	138.3675214365	0.0011650133
TVu-9095	10.34	0.1034	6.4	3.18	10.1124	50.8304664803	0.0020342131
TVu-9256	11.07	0.1107	5.23	3.85	14.8225	60.8853811685	0.0018181704
TVu-9257	16.9	0.169	7.51	4.06	16.4836	97.225880638	0.0017382203
TVu-9259	14.73	0.1473	6.5	3.81	14.5161	74.105968818	0.0019876941
TVu-9265	11.12	0.1112	4.94	4.47	19.9809	77.5232330854	0.0014344087
TVu-9393	7.5	0.075	5.18	2.76	7.6176	30.9911580764	0.0024200451
TVu-946	5.65	0.0565	3.81	2.18	4.7524	14.2209249429	0.0039730186
TVu-9468	14.57	0.1457	6.82	4.58	20.9764	112.3583135566	0.0012967443
TVu-9469	11.01	0.1101	5.11	4.25	18.0625	72.4917596077	0.0015187933
TVu-9474	9.96	0.0996	5.57	3.95	15.6025	68.2557538834	0.0014592176
TVu-9486	11.79	0.1179	5.94	3.87	14.9769	69.8712087351	0.0016873903
TVu-9492	14.55	0.1455	6.95	4.53	20.5209	112.0136863403	0.0012989484
TVu-9506	10.92	0.1092	6.35	3.4	11.56	57.6529375824	0.0018940926
TVu-9508	11.28	0.1128	6.42	3.67	13.4689	67.9136446536	0.0016609328
TVu-9516	12.32	0.1232	5.95	3.64	13.2496	61.9169584592	0.0019897618
TVu-9522	9.32	0.0932	5.53	3.22	10.3684	45.0325724151	0.0020696131
TVu-9556	11.59	0.1159	5.88	3.79	14.3641	66.3354420221	0.0017471806
TVu-9557	11.68	0.1168	5.6	3.87	14.9769	65.871846619	0.0017731399
TVu-9620	11.6	0.116	5.94	3.58	12.8164	59.7919035069	0.001940062
TVu-9651	15.3	0.153	7.05	4.76	22.6576	125.4564238603	0.001219547
TVu-969	10.37	0.1037	5.42	4.18	17.4724	74.3775265162	0.0013942384
TVu-972	8.26	0.0826	4.98	3.4	11.56	45.214429789	0.0018268504
TVu-9749	13.24	0.1324	5.92	4.36	19.0096	88.3862211674	0.001497971
TVu-9801	10.56	0.1056	4.83	3.84	14.7456	55.9370373741	0.0018878368
TVu-9820	12.27	0.1227	6.16	4.22	17.8084	86.1579774628	0.0014241281
TVu-9848	13.51	0.1351	5.67	4.82	23.2324	103.4586999318	0.0013058351
TVu-9866	10.25	0.1025	5.69	3.59	12.8881	57.5958304965	0.0017796427
UCR_11	11.42	0.1142	5.23	3.67	13.4689	55.3252899592	0.0020641555
UCR_1340	10.74	0.1074	5.11	4.6	21.16	84.9232184526	0.0012646718
UCR_1342	6.87	0.0687	4.3	3.08	9.4864	32.0375848902	0.0021443564
UCR_1432	15.31	0.1531	6.08	4.73	22.3729	106.8355381848	0.0014330437
UCR_162	11.21	0.1121	5.51	4.07	16.5649	71.6853316231	0.0015637788
UCR_193	11.38	0.1138	6.5	3.29	10.8241	55.2579836928	0.0020594309
UCR_24	22.66	0.2266	8.43	5.99	35.8801	237.5587879364	0.0009538692
UCR_288	11.94	0.1194	5.11	4.63	21.4369	86.0345246525	0.001387815
UCR_3301	6.13	0.0613	3.74	2.42	5.8564	17.2025257074	0.0035634302
UCR_3326	18.03	0.1803	7	5.98	35.7604	196.6030673765	0.0009170762
UCR_3399	11.53	0.1153	5.89	3.38	11.4244	52.8492193619	0.0021816784
UCR_4539	11.67	0.1167	5.81	3.56	12.6736	57.8317067707	0.0020179242
UCR_5164	10.08	0.1008	5.46	3.21	10.3041	44.1868038364	0.0022812241
UCR_5272	10.64	0.1064	5.21	3.68	13.5424	55.4144774184	0.0019200759
UCR_5275	23.28	0.2328	8.21	5.62	31.5844	203.659967264	0.0011430818
UCR_5279	11.75	0.1175	5.13	4.44	19.7136	79.4279194502	0.0014793287
UCR_5280	13.8	0.138	6.04	4.51	20.3401	96.4894661873	0.0014302079
UCR_5329	13.26	0.1326	5.7	4.6	21.16	94.7284432837	0.0013997908
UCR_5353	15.32	0.1532	6.55	4.56	20.7936	106.9697218903	0.001432181
UCR_5385	13.11	0.1311	6.11	4.05	16.4025	78.712034522	0.0016655649
UCR_707	13.21	0.1321	6.32	4.49	20.1601	100.0690188479	0.0013200889
UCR_739	13.88	0.1388	6.44	5.05	25.5025	128.9907313036	0.0010760463
UCR_779	15.73	0.1573	6.13	5.95	35.4025	170.4450084804	0.0009228783
UCR_830	12.07	0.1207	5.63	4.14	17.1396	75.7877403345	0.0015926059
VAR-10B	15.84	0.1584	5.95	4.98	24.8004	115.8952222386	0.0013667518
VAR-3A	14.65	0.1465	6.38	4.69	21.9961	110.2189439374	0.0013291726
Vya	19.45	0.1945	7.66	5.76	33.1776	199.6014159715	0.000974442
Xingove	21.17	0.2117	7.57	5.65	31.9225	189.7940776339	0.0011154194
Yacine	20.26	0.2026	7.27	5.68	32.2624	184.2132919684	0.0010998121
